{"cameraMode":{"drawMode":0,"name":"Shaded","section":"Shading Mode"},"sceneLighting":false,"audioPlay":false,"sceneViewState":{"showFog":true,"showMaterialUpdate":false,"showSkybox":true,"showFlares":true,"showImageEffects":true,"showParticleSystems":true},"in2DMode":false,"pivot":{"x":-208.30979919433595,"y":-8.133477210998536,"z":134.49644470214845},"rotation":{"x":-0.03279230371117592,"y":0.7080568671226502,"z":-0.03294683247804642,"w":-0.7046526670455933},"size":0.21980005502700807,"orthographic":false}