{"cameraMode":{"drawMode":0,"name":"Shaded","section":"Shading Mode"},"sceneLighting":false,"audioPlay":false,"sceneViewState":{"showFog":true,"showMaterialUpdate":false,"showSkybox":true,"showFlares":true,"showImageEffects":true,"showParticleSystems":true},"in2DMode":false,"pivot":{"x":-206.87020874023438,"y":-7.814179420471191,"z":131.42489624023438},"rotation":{"x":0.13625948131084443,"y":-0.7326541543006897,"z":0.15386360883712769,"w":0.6488307118415833},"size":1.758289098739624,"orthographic":false}