{"cameraMode":{"drawMode":0,"name":"Shaded","section":"Shading Mode"},"sceneLighting":false,"audioPlay":false,"sceneViewState":{"showFog":true,"showMaterialUpdate":false,"showSkybox":true,"showFlares":true,"showImageEffects":true,"showParticleSystems":true},"in2DMode":false,"pivot":{"x":-205.49656677246095,"y":-7.272991180419922,"z":131.31729125976563},"rotation":{"x":0.012687811627984047,"y":-0.935192883014679,"z":0.033682260662317279,"w":0.35232481360435488},"size":1.0013713836669922,"orthographic":false}