{"cameraMode":{"drawMode":0,"name":"Shaded","section":"Shading Mode"},"sceneLighting":false,"audioPlay":false,"sceneViewState":{"showFog":true,"showMaterialUpdate":false,"showSkybox":true,"showFlares":true,"showImageEffects":true,"showParticleSystems":true},"in2DMode":false,"pivot":{"x":-206.68536376953126,"y":-7.8487443923950199,"z":131.2036895751953},"rotation":{"x":0.16856442391872407,"y":-0.6679586172103882,"z":0.1592179238796234,"w":0.7071600556373596},"size":1.2060611248016358,"orthographic":false}