{"cameraMode":{"drawMode":0,"name":"Shaded","section":"Shading Mode"},"sceneLighting":false,"audioPlay":false,"sceneViewState":{"showFog":true,"showMaterialUpdate":false,"showSkybox":true,"showFlares":true,"showImageEffects":true,"showParticleSystems":true},"in2DMode":false,"pivot":{"x":-206.44686889648438,"y":-7.019950866699219,"z":131.43833923339845},"rotation":{"x":0.014759086072444916,"y":-0.7111806273460388,"z":0.014936690218746663,"w":0.7026970982551575},"size":2.430478572845459,"orthographic":false}