{"cameraMode":{"drawMode":0,"name":"Shaded","section":"Shading Mode"},"sceneLighting":false,"audioPlay":false,"sceneViewState":{"showFog":true,"showMaterialUpdate":false,"showSkybox":true,"showFlares":true,"showImageEffects":true,"showParticleSystems":true},"in2DMode":false,"pivot":{"x":-216.53292846679688,"y":-6.19117546081543,"z":83.71928405761719},"rotation":{"x":0.02364313416182995,"y":-0.6971167922019959,"z":0.023013217374682428,"w":0.7161985039710999},"size":14.091744422912598,"orthographic":false}