{"cameraMode":{"drawMode":0,"name":"Shaded","section":"Shading Mode"},"sceneLighting":false,"audioPlay":false,"sceneViewState":{"showFog":true,"showMaterialUpdate":false,"showSkybox":true,"showFlares":true,"showImageEffects":true,"showParticleSystems":true},"in2DMode":false,"pivot":{"x":-206.0749969482422,"y":-7.491000175476074,"z":131.73300170898438},"rotation":{"x":-0.006507092155516148,"y":-0.9872085452079773,"z":0.15374894440174104,"w":-0.041789695620536807},"size":1.2097737789154053,"orthographic":false}