{"cameraMode":{"drawMode":0,"name":"Shaded","section":"Shading Mode"},"sceneLighting":false,"audioPlay":false,"sceneViewState":{"showFog":true,"showMaterialUpdate":false,"showSkybox":true,"showFlares":true,"showImageEffects":true,"showParticleSystems":true},"in2DMode":false,"pivot":{"x":-206.60357666015626,"y":-6.895669937133789,"z":130.79483032226563},"rotation":{"x":-0.08820125460624695,"y":0.9030812978744507,"z":-0.22387221455574037,"w":-0.355795294046402},"size":0.11085563898086548,"orthographic":false}