{"cameraMode":{"drawMode":0,"name":"Shaded","section":"Shading Mode"},"sceneLighting":false,"audioPlay":false,"sceneViewState":{"showFog":true,"showMaterialUpdate":false,"showSkybox":true,"showFlares":true,"showImageEffects":true,"showParticleSystems":true},"in2DMode":false,"pivot":{"x":-206.23406982421876,"y":-7.389698028564453,"z":131.62327575683595},"rotation":{"x":0.12454637140035629,"y":-0.7552822828292847,"z":0.15035338699817658,"w":0.6256459951400757},"size":2.2470290660858156,"orthographic":false}