{"cameraMode":{"drawMode":0,"name":"Shaded","section":"Shading Mode"},"sceneLighting":false,"audioPlay":false,"sceneViewState":{"showFog":true,"showMaterialUpdate":false,"showSkybox":true,"showFlares":true,"showImageEffects":true,"showParticleSystems":true},"in2DMode":false,"pivot":{"x":-307.206787109375,"y":-7.751930236816406,"z":137.7886505126953},"rotation":{"x":0.0775701254606247,"y":-0.5847396850585938,"z":0.056308209896087649,"w":0.8055384755134583},"size":148.41311645507813,"orthographic":false}