{"cameraMode":{"drawMode":0,"name":"Shaded","section":"Shading Mode"},"sceneLighting":false,"audioPlay":false,"sceneViewState":{"showFog":true,"showMaterialUpdate":false,"showSkybox":true,"showFlares":true,"showImageEffects":true,"showParticleSystems":true},"in2DMode":false,"pivot":{"x":-205.30844116210938,"y":-7.178978443145752,"z":131.94351196289063},"rotation":{"x":0.021612342447042466,"y":-0.9777558445930481,"z":0.16431806981563569,"w":0.12862028181552888},"size":-0.19862866401672364,"orthographic":false}