{"cameraMode":{"drawMode":0,"name":"Shaded","section":"Shading Mode"},"sceneLighting":false,"audioPlay":false,"sceneViewState":{"showFog":true,"showMaterialUpdate":false,"showSkybox":true,"showFlares":true,"showImageEffects":true,"showParticleSystems":true},"in2DMode":false,"pivot":{"x":-207.97900390625,"y":-6.1195068359375,"z":133.54736328125},"rotation":{"x":-0.011311434209346772,"y":-0.9841493368148804,"z":0.06801415234804154,"w":-0.16360288858413697},"size":4.837913513183594,"orthographic":true}