{"cameraMode":{"drawMode":0,"name":"Shaded","section":"Shading Mode"},"sceneLighting":false,"audioPlay":false,"sceneViewState":{"showFog":true,"showMaterialUpdate":false,"showSkybox":true,"showFlares":true,"showImageEffects":true,"showParticleSystems":true},"in2DMode":false,"pivot":{"x":-205.84994506835938,"y":-7.572000026702881,"z":131.6739959716797},"rotation":{"x":0.02117682434618473,"y":-0.9600235223770142,"z":0.26879727840423586,"w":0.07559509575366974},"size":1.9244824647903443,"orthographic":true}