{"cameraMode":{"drawMode":0,"name":"Shaded","section":"Shading Mode"},"sceneLighting":false,"audioPlay":false,"sceneViewState":{"showFog":true,"showMaterialUpdate":false,"showSkybox":true,"showFlares":true,"showImageEffects":true,"showParticleSystems":true},"in2DMode":false,"pivot":{"x":0.026786327362060548,"y":0.40551871061325076,"z":-0.9122529029846191},"rotation":{"x":0.0029813305009156467,"y":0.11137014627456665,"z":-0.00033415728830732405,"w":0.9937764406204224},"size":8.187469482421875,"orthographic":false}